{"cameraMode":{"drawMode":0,"name":"Shaded","section":"Shading Mode"},"sceneLighting":true,"audioPlay":false,"sceneViewState":{"showFog":true,"showMaterialUpdate":false,"showSkybox":true,"showFlares":true,"showImageEffects":true,"showParticleSystems":true},"in2DMode":false,"pivot":{"x":-9.240009307861329,"y":-1.0852413177490235,"z":0.8983253240585327},"rotation":{"x":-0.15225794911384583,"y":0.6009382605552673,"z":-0.1179480329155922,"w":-0.7757449746131897},"size":4.207394599914551,"orthographic":false}