{"cameraMode":{"drawMode":0,"name":"Shaded","section":"Shading Mode"},"sceneLighting":true,"audioPlay":false,"sceneViewState":{"showFog":true,"showMaterialUpdate":false,"showSkybox":true,"showFlares":true,"showImageEffects":true,"showParticleSystems":true},"in2DMode":false,"pivot":{"x":-8.480361938476563,"y":-1.7106001377105713,"z":1.8759626150131226},"rotation":{"x":-0.1786704808473587,"y":0.5784618258476257,"z":-0.1316712200641632,"w":-0.7849380970001221},"size":4.708375930786133,"orthographic":false}