{"cameraMode":{"drawMode":0,"name":"Shaded","section":"Shading Mode"},"sceneLighting":true,"audioPlay":false,"sceneViewState":{"showFog":true,"showMaterialUpdate":false,"showSkybox":true,"showFlares":true,"showImageEffects":true,"showParticleSystems":true},"in2DMode":false,"pivot":{"x":-6.467144966125488,"y":0.3254997730255127,"z":0.5904484987258911},"rotation":{"x":-0.1698358803987503,"y":0.7097107768058777,"z":-0.18296587467193604,"w":-0.6587804555892944},"size":2.6761562824249269,"orthographic":false}