{"cameraMode":{"drawMode":0,"name":"Shaded","section":"Shading Mode"},"sceneLighting":true,"audioPlay":false,"sceneViewState":{"showFog":true,"showMaterialUpdate":false,"showSkybox":true,"showFlares":true,"showImageEffects":true,"showParticleSystems":true},"in2DMode":false,"pivot":{"x":-5.226819038391113,"y":-0.19132548570632935,"z":0.8970187902450562},"rotation":{"x":-0.15225794911384583,"y":0.6009382605552673,"z":-0.1179480329155922,"w":-0.7757449746131897},"size":1.47615647315979,"orthographic":false}