{"cameraMode":{"drawMode":0,"name":"Shaded","section":"Shading Mode"},"sceneLighting":false,"audioPlay":false,"sceneViewState":{"showFog":true,"showMaterialUpdate":false,"showSkybox":false,"showFlares":true,"showImageEffects":true,"showParticleSystems":true},"in2DMode":false,"pivot":{"x":0.1691374033689499,"y":0.5679892301559448,"z":-0.07030170410871506},"rotation":{"x":-0.20980654656887055,"y":0.4941179156303406,"z":-0.12422846257686615,"w":-0.8345044851303101},"size":0.08699227124452591,"orthographic":false}